Epoch,Time [s],Loss (G),Loss (D),Loss (D-Real),Loss (D-Fake),Loss (D-GP)
1,6756.932963132858,12.807517051696777,-6.9345550537109375,2.9197006225585938,-12.807517051696777,2.953261613845825
