Model version,Images trained,Time [s],Loss (G),Loss (D),Loss (D-Real),Loss (D-Fake),Loss (D-GP)
1,29936,720.4402101039886,2.814038,-13.888217,-15.442735,-2.814038,4.3685565
2,60592,1443.8423862457275,3.3529692,-7.911154,-6.632835,-3.3529692,2.0746505
3,90704,2166.642671108246,3.915196,-7.373066,-5.524114,-3.915196,2.0662441
4,120880,2889.4228999614716,4.5962577,-7.543794,-4.944973,-4.5962577,1.9974362
